SOA Code,SOA Name,Ward Name,Locality,District/Borough,Total Population,"% of Total Population aged 60+ (Females), 65+ (Males)"
E01031175,Overslade South East,Overslade,Rugby Town West,Rugby,"1,335",41.7%
E01031204,Wootton Wawen,Henley,"Alcester, Studley & Henley",Stratford-on-Avon,"1,286",41.1%
E01031104,St Nicolas North & College,St. Nicolas,Weddington & St. Nicolas,Nuneaton & Bedworth,"1,453",40.0%
E01031135,Bilton South Cock Robin,Bilton,Rugby Town West ,Rugby,"1,588",39.1%
E01031069,Bulkington North,Bulkington,Whitestone & Bulkington ,Nuneaton & Bedworth,"1,487",38.7%
E01031279,Cubbington East,Cubbington,Warwick Rural ,Warwick,"1,506",37.2%
E01031147,Thurlaston,Dunchurch and Knightlow,Rugby Rural ,Rugby,"1,499",36.3%
E01031305,Thickthorn & Castle End,St John's,Kenilworth ,Warwick,"1,543",36.2%
E01031134,Bilton East,Bilton,Rugby Town West ,Rugby,"1,704",35.6%
E01031068,Bulkington South East,Bulkington,Whitestone & Bulkington ,Nuneaton & Bedworth,"1,672",34.9%
E01031158,Eastlands Abbots,Eastlands,Rugby Town East ,Rugby,"1,041",34.9%
E01031234,Old Town & Town Centre South,Stratford Guild and Hathaway,Stratford-on-Avon & Shipston ,Stratford-on-Avon,"1,625",33.7%
E01031288,Manor West,Manor,North Leamington ,Warwick,"1,599",33.5%
E01031202,Henley West,Henley,"Alcester, Studley & Henley ",Stratford-on-Avon,"1,514",33.4%
E01031235,Old Town,Stratford Guild and Hathaway,Stratford-on-Avon & Shipston ,Stratford-on-Avon,"1,970",32.4%
E01031317,"Bridge End, Castle & Stratford Rd East",Warwick South,Warwick ,Warwick,"1,530",32.4%
E01031178,Overslade West,Overslade,Rugby Town West ,Rugby,"1,300",32.2%
E01031053,Attleborough North West,Attleborough,Whitestone & Bulkington/Abbey & Wem Brook,Nuneaton & Bedworth,"1,502",32.0%
E01031295,Milverton North,Milverton,North Leamington ,Warwick,"1,180",31.9%
E01031070,Bulkington Arden,Bulkington,Whitestone & Bulkington ,Nuneaton & Bedworth,"1,467",31.8%
E01031067,Bulkington Village,Bulkington,Whitestone & Bulkington ,Nuneaton & Bedworth,"1,515",31.8%
E01031148,Dunchurch,Dunchurch and Knightlow,Rugby Rural ,Rugby,"1,516",31.8%
E01031256,Abbey Fields,Abbey,Kenilworth ,Warwick,"1,650",31.6%
E01031163,Hillmorton West,Hillmorton,Rugby Town East ,Rugby,"1,533",31.4%
E01031064,Bede Bedworth Town Centre,Bede,Bedworth South ,Nuneaton & Bedworth,"1,102",31.3%
E01031307,Castle End & Windy Arbour,St John's,Kenilworth ,Warwick,"1,482",31.2%
E01031227,Tiddington & Alveston,Stratford Alveston,Stratford-on-Avon & Shipston ,Stratford-on-Avon,"1,953",31.2%
E01031228,Clopton & Welcombe Hills,Stratford Avenue and New Town,Stratford-on-Avon & Shipston ,Stratford-on-Avon,"1,668",31.0%
E01031245,Tredington & Blackwell,Tredington,Stratford-on-Avon & Shipston ,Stratford-on-Avon,"1,220",30.7%
E01031216,Shipston West and Town Centre,Shipston,Stratford-on-Avon & Shipston ,Stratford-on-Avon,"1,427",30.3%
E01031012,Atherstone North - St Georges and Carlyon,Atherstone North,North Warwickshire - East ,North Warwickshire,"1,488",29.8%
E01031229,Town Centre North,Stratford Avenue and New Town,Stratford-on-Avon & Shipston ,Stratford-on-Avon,"1,761",29.8%
E01031203,Henley East and Beaudesert,Henley,"Alcester, Studley & Henley ",Stratford-on-Avon,"1,441",29.7%
E01031209,Long Compton,Long Compton,Stratford-on-Avon & Shipston ,Stratford-on-Avon,"2,028",29.7%
E01031201,Harbury,Harbury,"Southam, Wellesbourne & Kineton ",Stratford-on-Avon,"1,521",29.7%
E01031129,Clifton Upon Dunsmore,Avon and Swift,Rugby Rural ,Rugby,"1,115",29.6%
E01031110,Weddington St Nicholas West,Weddington,Weddington & St. Nicolas ,Nuneaton & Bedworth,"1,423",29.4%
E01031136,Bilton North West,Bilton,Rugby Town West ,Rugby,"1,573",29.3%
E01031124,Whitestone South,Whitestone,Whitestone & Bulkington ,Nuneaton & Bedworth,"1,540",29.3%
E01031013,Atherstone South,Atherstone South and Mancetter,North Warwickshire - East ,North Warwickshire,"1,046",29.3%
E01031217,Snitterfield & Wolverton,Snitterfield,"Alcester, Studley & Henley ",Stratford-on-Avon,"1,141",29.0%
E01031250,"Wellesbourne East, Walton & Airfield",Wellesbourne,"Southam, Wellesbourne & Kineton ",Stratford-on-Avon,"1,527",28.9%
E01031225,Bridgetown,Stratford Alveston,Stratford-on-Avon & Shipston ,Stratford-on-Avon,"1,621",28.9%
E01031161,Hillmorton North and Locks,Hillmorton,Rugby Town East ,Rugby,"1,881",28.9%
E01031258,Town Centre North,Abbey,Kenilworth ,Warwick,"1,616",28.9%
E01031188,Bardon,Bardon,"Alcester, Studley & Henley ",Stratford-on-Avon,"2,115",28.8%
E01031298,Whitemoor,Park Hill,Kenilworth ,Warwick,"1,639",28.8%
E01031248,Welford,Welford,"Alcester, Studley & Henley ",Stratford-on-Avon,"2,049",28.7%
E01031275,Crown North East,Crown,North Leamington ,Warwick,"1,292",28.5%
E01031146,Caldecott Rokeby,Caldecott,Rugby Town West ,Rugby,"1,450",28.4%
E01031316,"St Nicholas Park, Myton & Emscote South",Warwick South,Warwick ,Warwick,"1,433",28.1%
E01031150,Stretton on Dunsmore,Dunchurch and Knightlow,Rugby Rural ,Rugby,"1,111",27.7%
E01031089,Little Heath,Heath,Bedworth North ,Nuneaton & Bedworth,"1,447",27.7%
E01031214,Shipston South & Furze Hill,Shipston,Stratford-on-Avon & Shipston ,Stratford-on-Avon,"1,734",27.7%
E01031242,Studley South,Studley,"Alcester, Studley & Henley ",Stratford-on-Avon,"1,496",27.4%
E01031080,Exhall East,Exhall,Bedworth South ,Nuneaton & Bedworth,"1,570",27.3%
E01031114,Wedding South West & River,Weddington,Weddington & St. Nicolas ,Nuneaton & Bedworth,"1,449",27.2%
E01031240,Studley North,Studley,"Alcester, Studley & Henley ",Stratford-on-Avon,"1,351",27.2%
E01031152,Binley Woods South,Earl Craven and Wolston,Rugby Rural ,Rugby,"1,059",27.1%
E01031173,Town Centre,Newbold,Rugby Town North ,Rugby,"1,480",27.0%
E01031303,Town Centre South,St John's,Kenilworth ,Warwick,"1,517",27.0%
E01031285,Manor South West,Manor,North Leamington ,Warwick,"2,259",27.0%
E01031247,Vale of the Red Horse,Vale of the Red Horse,Stratford-on-Avon & Shipston ,Stratford-on-Avon,"2,252",26.8%
E01031022,Coleshill South - Hospital & Southfields,Coleshill South,North Warwickshire - South ,North Warwickshire,"1,797",26.7%
E01031208,Kinwarton,Kinwarton,"Alcester, Studley & Henley ",Stratford-on-Avon,"2,077",26.6%
E01031251,Wellesbourne South,Wellesbourne,"Southam, Wellesbourne & Kineton ",Stratford-on-Avon,"1,229",26.5%
E01031195,Claverdon,Claverdon,"Alcester, Studley & Henley ",Stratford-on-Avon,"2,345",26.5%
E01031193,Brailes,Brailes,Stratford-on-Avon & Shipston ,Stratford-on-Avon,"2,096",26.4%
E01031255,Castle Green & Malthouse,Abbey,Kenilworth ,Warwick,"1,444",26.2%
E01031151,Binley Woods North,Earl Craven and Wolston,Rugby Rural ,Rugby,"1,511",26.1%
E01031243,Earlswood,Tanworth,"Alcester, Studley & Henley ",Stratford-on-Avon,"1,979",26.1%
E01031162,Hillmorton East and Wharf,Hillmorton,Rugby Town East ,Rugby,"1,621",26.0%
E01031027,Corley,Fillongley,North Warwickshire - South ,North Warwickshire,"1,596",25.9%
E01031304,Borrowell,St John's,Kenilworth ,Warwick,"1,514",25.9%
E01031021,Coleshill South - Centre,Coleshill South,North Warwickshire - South ,North Warwickshire,"1,627",25.9%
E01031106,Slough South & Heath,Slough,Bedworth North ,Nuneaton & Bedworth,"1,461",25.9%
E01031237,Stratford Mount Pleasant West,Stratford Mount Pleasant,Stratford-on-Avon & Shipston ,Stratford-on-Avon,"1,420",25.8%
E01031143,Caldecott South and Rural,Caldecott,Rugby Town West ,Rugby,"1,487",25.8%
E01031113,Weddington North,Weddington,Weddington & St. Nicolas ,Nuneaton & Bedworth,"1,435",25.7%
E01031183,"Alcester South, Arrow & Weethley",Alcester,"Alcester, Studley & Henley ",Stratford-on-Avon,"1,555",25.6%
E01031189,Dunnington and Salford Priors,Bidford and Salford,"Alcester, Studley & Henley ",Stratford-on-Avon,"1,531",25.5%
E01031254,Castle & Burton Green,Abbey,Kenilworth ,Warwick,"1,476",25.5%
E01031282,"Lapworth South, Bushwood, Lowsonford & Rowington",Lapworth,Warwick Rural ,Warwick,"1,494",25.4%
E01031079,Exhall West,Exhall,Bedworth South ,Nuneaton & Bedworth,"1,535",25.4%
E01031311,Emscote & Spinney Hill North East,Warwick North,Warwick ,Warwick,"1,321",25.4%
E01031063,Bede Cannons,Bede,Bedworth South ,Nuneaton & Bedworth,"1,230",25.3%
E01031244,Tanworth,Tanworth,"Alcester, Studley & Henley ",Stratford-on-Avon,"1,922",25.2%
E01031159,Fosse West,Fosse,Rugby Rural ,Rugby,"1,570",25.2%
E01031023,Curdworth and Wishaw,Curdworth,North Warwickshire - West ,North Warwickshire,"1,634",25.2%
E01031221,Southam West,Southam,"Southam, Wellesbourne & Kineton ",Stratford-on-Avon,"1,460",25.1%
E01031215,Shipston North,Shipston,Stratford-on-Avon & Shipston ,Stratford-on-Avon,"1,824",25.1%
E01031238,Stratford Mount Pleasant East,Stratford Mount Pleasant,Stratford-on-Avon & Shipston ,Stratford-on-Avon,"1,285",25.0%
E01031186,Alcester East & Island,Alcester,"Alcester, Studley & Henley ",Stratford-on-Avon,"1,538",25.0%
E01031122,Whitestone South,Whitestone,Whitestone & Bulkington/Weddington & St. Nicolas,Nuneaton & Bedworth,"1,512",24.9%
E01031206,"Kineton Castle, Lt Kineton & Combrook",Kineton,"Southam, Wellesbourne & Kineton ",Stratford-on-Avon,"1,500",24.8%
E01031166,Leam Valley,Leam Valley,Rugby Rural ,Rugby,"1,899",24.7%
E01031310,Woodloes South East & Spinney Hill South,Warwick North,Warwick ,Warwick,"1,328",24.6%
E01031246,"Newbold-on-Stour, Ilmington East & Whitchurch",Tredington,Stratford-on-Avon & Shipston ,Stratford-on-Avon,"1,093",24.6%
E01031269,"Sherbourne, Barford & Wasperton",Budbrooke,Warwick Rural ,Warwick,"1,553",24.5%
E01031301,Offchurch & Hunningham,Radford Semele,Warwick Rural ,Warwick,"1,411",24.5%
E01031187,Aston Cantlow,Aston Cantlow,"Alcester, Studley & Henley ",Stratford-on-Avon,"2,013",24.5%
E01031277,Cubbington West & New Cubbington,Cubbington,Warwick Rural ,Warwick,"1,607",24.5%
E01031213,Sambourne,Sambourne,"Alcester, Studley & Henley ",Stratford-on-Avon,"1,817",24.4%
E01031210,Long Itchington West & Ufton,Long Itchington,"Southam, Wellesbourne & Kineton ",Stratford-on-Avon,"1,360",24.4%
E01031197,Ladbroke & Priors,Fenny Compton,"Southam, Wellesbourne & Kineton ",Stratford-on-Avon,"1,161",24.3%
E01031323,"Priory Park, Packmores & Hospital",Warwick West,Warwick ,Warwick,"1,590",24.2%
E01031033,Kingsbury South,Kingsbury,North Warwickshire - West ,North Warwickshire,"1,885",24.1%
E01031014,Mancetter North,Atherstone South and Mancetter,North Warwickshire - East ,North Warwickshire,"1,268",24.1%
E01031016,Baddesley Ensor West,Baddesley and Grendon,North Warwickshire - North ,North Warwickshire,"1,576",24.0%
E01031199,"Deppers Bridge, Chester & Kings",Harbury,"Southam, Wellesbourne & Kineton ",Stratford-on-Avon,"1,514",24.0%
E01031018,"Baddesley Common, Baxterley and Merevale",Baddesley and Grendon,North Warwickshire - North ,North Warwickshire,"1,190",23.9%
E01031299,Glass House & Windy Arbour,Park Hill,Kenilworth ,Warwick,"1,477",23.8%
E01031284,"Leek Wootton, Guys Cliffe & Beausale",Leek Wootton,Warwick Rural ,Warwick,"1,255",23.7%
E01031283,"Wroxhall, Hasely & Honiley",Leek Wootton,Warwick Rural ,Warwick,"1,234",23.7%
E01031037,Polesworth East - St Helena,Polesworth East,North Warwickshire - North ,North Warwickshire,"1,436",23.7%
E01031184,"Abbey, Grammar & Kings Coughton",Alcester,"Alcester, Studley & Henley ",Stratford-on-Avon,"1,514",23.6%
E01031286,Manor South & Round Oaks,Manor,North Leamington ,Warwick,"1,557",23.6%
E01031105,Slough Mt Pleasant,Slough,Bedworth North ,Nuneaton & Bedworth,"1,451",23.6%
E01031062,Bede South West,Bede,Bedworth South ,Nuneaton & Bedworth,"1,271",23.5%
E01031025,Dordon Rural,Dordon,North Warwickshire - North ,North Warwickshire,"1,442",23.5%
E01031054,Attleborough Central,Attleborough,Whitestone & Bulkington ,Nuneaton & Bedworth,"1,541",23.5%
E01031149,"Princethorpe, Marton, Frankton, Bourton & Draycote",Dunchurch and Knightlow,Rugby Rural ,Rugby,"1,437",23.4%
E01031073,Camp Hill North & Pools,Camp Hill,Camp Hill & Galley Common ,Nuneaton & Bedworth,"1,713",23.0%
E01031076,Exhall Grange,Exhall,Bedworth North ,Nuneaton & Bedworth,"1,422",22.9%
E01031233,Shottery North & Racecourse,Stratford Guild and Hathaway,Stratford-on-Avon & Shipston ,Stratford-on-Avon,"1,654",22.9%
E01031260,Bishops Tachbrook South,Bishops Tachbrook,Warwick Rural ,Warwick,"1,303",22.7%
E01031267,Hampton-on-the-Hill,Budbrooke,Warwick Rural ,Warwick,"1,794",22.7%
E01031278,"New Cubbington, Blackdown & Old Milverton",Cubbington,Warwick Rural ,Warwick,"1,468",22.6%
E01031253,Wellesbourne North,Wellesbourne,"Southam, Wellesbourne & Kineton ",Stratford-on-Avon,"1,587",22.5%
E01031196,Ettington,Ettington,Stratford-on-Avon & Shipston ,Stratford-on-Avon,"2,344",22.5%
E01031313,Woodloes North,Warwick North,Warwick ,Warwick,"1,424",22.4%
E01031112,Weddington South & Schools,Weddington,Weddington & St. Nicolas ,Nuneaton & Bedworth,"1,594",22.4%
E01031045,Abbey West,Abbey,Abbey & Wem Brook ,Nuneaton & Bedworth,"1,559",22.4%
E01031306,St John's Playing Fields,St John's,Kenilworth ,Warwick,"1,516",22.4%
E01031123,Whitestone East & Rural,Whitestone,Whitestone & Bulkington ,Nuneaton & Bedworth,"1,298",22.3%
E01031271,Campion Hills & Newbold Comyn,Clarendon,North Leamington ,Warwick,"1,710",22.3%
E01031024,Marston and Water Park,Curdworth,North Warwickshire - West ,North Warwickshire,"1,729",22.3%
E01031154,Brandon and Wolston North,Earl Craven and Wolston,Rugby Rural ,Rugby,"1,559",22.3%
E01031086,Goodyers End,Heath,Bedworth North ,Nuneaton & Bedworth,"1,772",22.2%
E01031252,"Moreton Morrell, Ashorne & Newbold Pacey",Wellesbourne,"Southam, Wellesbourne & Kineton ",Stratford-on-Avon,"1,341",22.2%
E01031028,Fillongley and The Packingtons,Fillongley,North Warwickshire - South ,North Warwickshire,"1,938",22.1%
E01031035,Warton and Shuttington,Newton Regis and Warton,North Warwickshire - North ,North Warwickshire,"1,857",22.0%
E01031144,Caldecott North East,Caldecott,Rugby Town West ,Rugby,"1,154",22.0%
E01031324,Town Centre & Racecourse,Warwick West,Warwick ,Warwick,"1,860",21.9%
E01031222,Southam South & Town Centre,Southam,"Southam, Wellesbourne & Kineton ",Stratford-on-Avon,"1,986",21.9%
E01031205,"Kineton, Chadshunt & Compton Verney",Kineton,"Southam, Wellesbourne & Kineton ",Stratford-on-Avon,"1,597",21.9%
E01031160,Fosse East,Fosse,Rugby Rural ,Rugby,"2,013",21.8%
E01031036,"Newton Regis, Austrey and Seckington",Newton Regis and Warton,North Warwickshire - North ,North Warwickshire,"1,586",21.7%
E01031241,Studley West & Common,Studley,"Alcester, Studley & Henley ",Stratford-on-Avon,"1,439",21.7%
E01031165,"Church Lawford, Kings Newnham & Long Lawford North",Lawford and King's Newnham,Rugby Rural ,Rugby,"1,481",21.7%
E01031103,St Nicolas East & The Long Shoot,St. Nicolas,Weddington & St. Nicolas ,Nuneaton & Bedworth,"1,292",21.7%
E01031191,Bidford West and Wixford,Bidford and Salford,"Alcester, Studley & Henley ",Stratford-on-Avon,"1,712",21.7%
E01031180,Paddox North,Paddox,Rugby Town East ,Rugby,"1,897",21.7%
E01031042,Water Orton East,Water Orton,North Warwickshire - West ,North Warwickshire,"1,816",21.6%
E01031153,Wolston South,Earl Craven and Wolston,Rugby Rural ,Rugby,"1,479",21.6%
E01031051,Arbury North,Arbury,Arbury & Stockingford ,Nuneaton & Bedworth,"1,457",21.6%
E01031066,Bede East,Bede,Bedworth South ,Nuneaton & Bedworth,"1,479",21.5%
E01031020,Coleshill North - Cole End,Coleshill North,North Warwickshire - South ,North Warwickshire,"1,498",21.5%
E01031078,Keresley South and Ash Green,Exhall,Bedworth North ,Nuneaton & Bedworth,"1,898",21.4%
E01031211,Long Itchington East,Long Itchington,"Southam, Wellesbourne & Kineton ",Stratford-on-Avon,"1,193",21.4%
E01031060,Bar Pool Central,Bar Pool,Arbury & Stockingford ,Nuneaton & Bedworth,"1,454",21.3%
E01031030,Hartshill North and Caldecote,Hartshill,North Warwickshire - East ,North Warwickshire,"2,207",21.3%
E01031056,Attleborough South East,Attleborough,Whitestone & Bulkington ,Nuneaton & Bedworth,"1,475",21.3%
E01031294,Milverton East,Milverton,North Leamington ,Warwick,"1,491",21.2%
E01031017,"Grendon, Bradley Green and Whittington",Baddesley and Grendon,North Warwickshire - North ,North Warwickshire,"1,291",21.1%
E01031172,Newbold on Avon,Newbold,Rugby Town North ,Rugby,"1,593",21.1%
E01031328,Whitnash East & Millponds,Whitnash,South Leamington & Whitnash ,Warwick,"2,053",21.0%
E01031117,Wem Brook East,Wem Brook,Abbey & Wem Brook ,Nuneaton & Bedworth,"1,341",21.0%
E01031194,Burton Dassett,Burton Dassett,"Southam, Wellesbourne & Kineton ",Stratford-on-Avon,"2,245",20.9%
E01031192,"Bidford South, Marlcliff and Barton",Bidford and Salford,"Alcester, Studley & Henley ",Stratford-on-Avon,"1,821",20.8%
E01031181,Ryton on Dunsmore,Ryton on Dunsmore,Rugby Rural ,Rugby,"1,703",20.8%
E01031322,The Cape & Wedgenock,Warwick West,Warwick ,Warwick,"1,641",20.7%
E01031155,Eastlands South,Eastlands,Rugby Town East ,Rugby,"1,308",20.7%
E01031281,"Lapworth North, Baddesley Clinton & High Cross",Lapworth,Warwick Rural ,Warwick,"1,476",20.7%
E01031049,Arbury George Elliott,Arbury,Arbury & Stockingford ,Nuneaton & Bedworth,"2,144",20.5%
E01031156,Eastlands South West,Eastlands,Rugby Town East ,Rugby,"1,405",20.5%
E01031125,Admirals North,Admirals,Rugby Town West ,Rugby,"1,497",20.4%
E01031007,New Arley South and Over Whitacre,Arley and Whitacre,North Warwickshire - South ,North Warwickshire,"1,229",20.4%
E01031091,Kingswood St Pauls,Kingswood,Arbury & Stockingford ,Nuneaton & Bedworth,"1,422",20.4%
E01031109,Slough Collycroft South,Slough,Bedworth North ,Nuneaton & Bedworth,"1,528",20.2%
E01031043,Abbey Town Centre,Abbey,Abbey & Wem Brook ,Nuneaton & Bedworth,"1,429",20.2%
E01031065,Bede North,Bede,Bedworth South ,Nuneaton & Bedworth,"1,484",20.1%
E01031039,Polesworth West - School,Polesworth West,North Warwickshire - North ,North Warwickshire,"1,668",20.0%
E01031179,Paddox South,Paddox,Rugby Town East ,Rugby,"1,689",20.0%
E01031198,"Fenny Compton, Farnborough & Avon Dassett",Fenny Compton,"Southam, Wellesbourne & Kineton ",Stratford-on-Avon,"1,392",19.9%
E01031118,Hill Top,Wem Brook,Abbey & Wem Brook ,Nuneaton & Bedworth,"1,191",19.7%
E01031331,Whitnash South,Whitnash,South Leamington & Whitnash ,Warwick,"1,805",19.6%
E01031015,Mancetter South and Ridge Lane,Atherstone South and Mancetter,North Warwickshire - East ,North Warwickshire,"1,418",19.5%
E01031185,Alcester North & Conway,Alcester,"Alcester, Studley & Henley ",Stratford-on-Avon,"1,440",19.5%
E01031309,Emscote,Warwick North,Warwick ,Warwick,"1,527",19.4%
E01031280,"Bubbenhall, Wappenbury, Weston & Eathorpe",Cubbington,Warwick Rural ,Warwick,"1,303",19.3%
E01031220,Southam North,Southam,"Southam, Wellesbourne & Kineton ",Stratford-on-Avon,"1,588",19.3%
E01031102,St Nicolas South West,St. Nicolas,Weddington & St. Nicolas ,Nuneaton & Bedworth,"1,296",19.2%
E01031330,Whitnash St Margarets,Whitnash,South Leamington & Whitnash ,Warwick,"1,600",19.2%
E01031274,Lillington West,Crown,North Leamington ,Warwick,"1,594",19.1%
E01031011,Atherstone North - Town Centre North & Alder Mill,Atherstone North,North Warwickshire - East ,North Warwickshire,"2,007",19.0%
E01031327,Whitnash North,Whitnash,South Leamington & Whitnash ,Warwick,"1,530",19.0%
E01031212,Quinton,Quinton,Stratford-on-Avon & Shipston ,Stratford-on-Avon,"2,647",19.0%
E01031207,Lighthorne & Lighthorne Heath,Kineton,"Southam, Wellesbourne & Kineton ",Stratford-on-Avon,"1,190",19.0%
E01031314,Woodloes East,Warwick North,Warwick ,Warwick,"1,343",19.0%
E01031287,Manor North,Manor,North Leamington ,Warwick,"1,539",19.0%
E01031140,Brownsover South Lake District South,Brownsover South,Rugby Town North ,Rugby,"1,320",18.9%
E01031293,Milverton South West,Milverton,North Leamington ,Warwick,"1,508",18.8%
E01031300,Mill End East & Crackley,Park Hill,Kenilworth ,Warwick,"1,732",18.7%
E01031302,Radford Semele,Radford Semele,Warwick Rural ,Warwick,"1,048",18.7%
E01031224,Napton on the Hill,Stockton and Napton,"Southam, Wellesbourne & Kineton ",Stratford-on-Avon,"1,169",18.6%
E01031239,Studley East & Priory,Studley,"Alcester, Studley & Henley ",Stratford-on-Avon,"1,497",18.6%
E01031095,Poplar Nicholas Chamberlain,Poplar,Bedworth South ,Nuneaton & Bedworth,"1,164",18.6%
E01031115,Wem Brook Bridges,Wem Brook,Abbey & Wem Brook ,Nuneaton & Bedworth,"1,594",18.5%
E01031058,Bar Pool West & Recreation Ground,Bar Pool,Arbury & Stockingford ,Nuneaton & Bedworth,"1,454",18.5%
E01031097,Poplar Coalpit Field,Poplar,Bedworth South ,Nuneaton & Bedworth,"1,673",18.5%
E01031291,Milverton South East,Milverton,North Leamington ,Warwick,"1,427",18.4%
E01031297,Ladyes Hills & Mill End West,Park Hill,Kenilworth ,Warwick,"1,896",18.3%
E01031182,Wolvey,Wolvey,Rugby Rural ,Rugby,"2,330",18.3%
E01031219,Southam East,Southam,"Southam, Wellesbourne & Kineton ",Stratford-on-Avon,"1,585",18.2%
E01031232,Shottery South & Racecourse,Stratford Guild and Hathaway,Stratford-on-Avon & Shipston ,Stratford-on-Avon,"2,294",18.2%
E01031009,Atherstone Central - Canal and Outwoods,Atherstone Central,North Warwickshire - East ,North Warwickshire,"2,159",18.2%
E01031190,"Bidford East, Waterloo & Broom",Bidford and Salford,"Alcester, Studley & Henley ",Stratford-on-Avon,"1,900",18.2%
E01031029,Hartshill South,Hartshill,North Warwickshire - East ,North Warwickshire,"1,505",18.1%
E01031249,Wellesbourne West,Wellesbourne,"Southam, Wellesbourne & Kineton ",Stratford-on-Avon,"1,228",18.0%
E01031038,Polesworth East - Station,Polesworth East,North Warwickshire - North ,North Warwickshire,"1,971",17.9%
E01031119,Riversley,Wem Brook,Abbey & Wem Brook ,Nuneaton & Bedworth,"1,569",17.8%
E01031031,Piccadilly and Wood End,Hurley and Wood End,North Warwickshire - West ,North Warwickshire,"2,324",17.7%
E01031093,Kingswood Hills,Kingswood,Arbury & Stockingford ,Nuneaton & Bedworth,"1,361",17.6%
E01031218,Hampton Lucy & Fulbrook,Snitterfield,"Southam, Wellesbourne & Kineton/Alcester, Studley & Henley",Stratford-on-Avon,"1,176",17.6%
E01031236,Bishopton,Stratford Mount Pleasant,Stratford-on-Avon & Shipston ,Stratford-on-Avon,"1,642",17.6%
E01031164,Long Lawford South,Lawford and King's Newnham,Rugby Rural ,Rugby,"1,821",17.6%
E01031008,Ansley Common and Birchley Heath,Arley and Whitacre,North Warwickshire - South ,North Warwickshire,"1,322",17.5%
E01031005,"New Arley East, Hill Top and Ansley",Arley and Whitacre,North Warwickshire - South ,North Warwickshire,"1,460",17.5%
E01031319,Emscote Lawns,Warwick South,Warwick ,Warwick,"1,903",17.4%
E01031032,Hurley,Hurley and Wood End,North Warwickshire - West ,North Warwickshire,"1,482",17.4%
E01031289,Manor East,Manor,North Leamington ,Warwick,"1,553",17.3%
E01031041,Water Orton West,Water Orton,North Warwickshire - West ,North Warwickshire,"1,847",17.3%
E01031145,Caldecott North West,Caldecott,Rugby Town West ,Rugby,"1,552",17.1%
E01031083,Galley Common West & Rural,Galley Common,Camp Hill & Galley Common ,Nuneaton & Bedworth,"1,594",17.1%
E01031092,Kingswood Stockingford Schools,Kingswood,Arbury & Stockingford ,Nuneaton & Bedworth,"1,450",17.1%
E01031292,Milverton West,Milverton,North Leamington ,Warwick,"1,495",17.1%
E01031226,Stratford South East & Alveston Hill,Stratford Alveston,Stratford-on-Avon & Shipston ,Stratford-on-Avon,"3,229",17.0%
E01031157,Eastlands North,Eastlands,Rugby Town East ,Rugby,"1,738",17.0%
E01031116,Middlemarch & Swimming Pool,Wem Brook,Abbey & Wem Brook ,Nuneaton & Bedworth,"1,579",17.0%
E01031074,Camp Hill North West & Allotments,Camp Hill,Camp Hill & Galley Common ,Nuneaton & Bedworth,"1,492",17.0%
E01031325,Warwick West East,Warwick West,Warwick ,Warwick,"1,400",16.9%
E01031167,New Bilton South East,New Bilton,Rugby Town West ,Rugby,"1,328",16.9%
E01031059,Bar Pool East & Greenmoor,Bar Pool,Arbury & Stockingford ,Nuneaton & Bedworth,"1,406",16.8%
E01031170,New Bilton East,New Bilton,Rugby Town West ,Rugby,"1,585",16.5%
E01031270,Town Centre,Clarendon,North Leamington ,Warwick,"1,873",16.4%
E01031075,Camp Hill West & Quarry,Camp Hill,Camp Hill & Galley Common ,Nuneaton & Bedworth,"1,536",16.4%
E01031019,Coleshill North - Grimstock Hill,Coleshill North,North Warwickshire - South ,North Warwickshire,"1,687",16.3%
E01031200,Bishops Itchington,Harbury,"Southam, Wellesbourne & Kineton ",Stratford-on-Avon,"1,543",16.3%
E01031040,Polesworth West - Birchmoor & Pooley Fields,Polesworth West,North Warwickshire - North ,North Warwickshire,"1,776",16.2%
E01031121,Whitestone North,Whitestone,Weddington & St. Nicolas/Whitestone & Bulkington,Nuneaton & Bedworth,"1,288",16.1%
E01031127,Admirals East,Admirals,Rugby Town West ,Rugby,"1,527",16.0%
E01031006,New Arley West and Old Arley,Arley and Whitacre,North Warwickshire - South ,North Warwickshire,"1,428",16.0%
E01031111,Weddington St Nicholas East,Weddington,Weddington & St. Nicolas ,Nuneaton & Bedworth,"1,133",16.0%
E01031087,Heath Sports,Heath,Bedworth North ,Nuneaton & Bedworth,"2,051",15.9%
E01031257,Abbey East,Abbey,Kenilworth ,Warwick,"1,498",15.9%
E01031098,Poplar Bayton Road,Poplar,Bedworth South ,Nuneaton & Bedworth,"1,360",15.9%
E01031128,"Easenhall, Newton & Biggin and Harborough Magna",Avon and Swift,Rugby Rural ,Rugby,"2,684",15.8%
E01031272,Clarendon North,Clarendon,North Leamington ,Warwick,"1,652",15.8%
E01031120,Whitestone North West & Attleborough Fields,Whitestone,Weddington & St. Nicolas/Whitestone & Bulkington,Nuneaton & Bedworth,"1,375",15.8%
E01031094,Kingswood North East,Kingswood,Arbury & Stockingford ,Nuneaton & Bedworth,"1,179",15.8%
E01031320,The Moorings and Myton North,Warwick South,Warwick ,Warwick,"1,458",15.7%
E01031276,Lillington South,Crown,North Leamington ,Warwick,"1,504",15.5%
E01031026,Dordon Village,Dordon,North Warwickshire - North ,North Warwickshire,"1,638",15.4%
E01031290,Milverton Cliffe,Milverton,North Leamington ,Warwick,"1,624",15.3%
E01031168,New Bilton West & Somers Rd,New Bilton,Rugby Town West ,Rugby,"1,857",15.1%
E01031332,Sydenham West,Willes,South Leamington & Whitnash ,Warwick,"1,496",15.1%
E01031223,Stockton,Stockton and Napton,"Southam, Wellesbourne & Kineton ",Stratford-on-Avon,"1,425",15.1%
E01031044,Abbey North,Abbey,Abbey & Wem Brook ,Nuneaton & Bedworth,"1,429",15.0%
E01031077,Keresley North and Newlands,Exhall,Bedworth North ,Nuneaton & Bedworth,"1,391",15.0%
E01031088,Market End and Newdigate,Heath,Bedworth North ,Nuneaton & Bedworth,"1,808",15.0%
E01031034,Kingsbury North,Kingsbury,North Warwickshire - West ,North Warwickshire,"1,895",14.8%
E01031057,Bar Pool North & Crescents,Bar Pool,Arbury & Stockingford ,Nuneaton & Bedworth,"1,441",14.7%
E01031308,Stoneleigh,Stoneleigh,Warwick Rural/Kenilworth,Warwick,"3,031",14.4%
E01031133,Whinfield Park,Benn,Rugby Town North ,Rugby,"1,451",14.3%
E01031176,Overslade North,Overslade,Rugby Town West ,Rugby,"1,301",14.3%
E01031312,Wedgenock & Woodloes West,Warwick North,Warwick ,Warwick,"1,219",14.3%
E01031264,Brunswick South East,Brunswick,South Leamington & Whitnash ,Warwick,"1,752",14.3%
E01031333,Sydenham North,Willes,South Leamington & Whitnash ,Warwick,"1,457",14.2%
E01031174,Cattlemarket,Newbold,Rugby Town North ,Rugby,"1,535",14.2%
E01031071,Camp Hill Village Centre,Camp Hill,Camp Hill & Galley Common ,Nuneaton & Bedworth,"1,214",14.2%
E01031230,The Avenue,Stratford Avenue and New Town,Stratford-on-Avon & Shipston ,Stratford-on-Avon,"2,225",14.2%
E01031171,Newbold Riverside,Newbold,Rugby Town North ,Rugby,"1,377",14.1%
E01031177,Overslade North West,Overslade,Rugby Town West ,Rugby,"1,323",14.1%
E01031010,Atherstone Central - Centre,Atherstone Central,North Warwickshire - East ,North Warwickshire,"1,615",14.0%
E01031329,Whitnash West,Whitnash,South Leamington & Whitnash ,Warwick,"2,534",13.6%
E01031169,New Bilton North,New Bilton,Rugby Town West ,Rugby,"1,606",13.4%
E01031132,Benn South,Benn,Rugby Town North ,Rugby,"1,698",13.4%
E01031231,Maybird,Stratford Avenue and New Town,Stratford-on-Avon & Shipston ,Stratford-on-Avon,"1,813",13.3%
E01031141,Brownsover South Junction One,Brownsover South,Rugby Town North ,Rugby,"1,260",13.3%
E01031101,St Nicolas Horeston Grange East,St. Nicolas,Weddington & St. Nicolas ,Nuneaton & Bedworth,"1,532",13.3%
E01031261,Brunswick South West & kingsway,Brunswick,South Leamington & Whitnash ,Warwick,"1,548",12.9%
E01031090,Kingswood Grove Farm & Rural,Kingswood,Arbury & Stockingford ,Nuneaton & Bedworth,"1,450",12.8%
E01031048,Arbury Heath End,Arbury,Arbury & Stockingford ,Nuneaton & Bedworth,"1,302",12.7%
E01031296,Knowle Hill & Glasshouse,Park Hill,Kenilworth ,Warwick,"1,737",12.7%
E01031137,Brownsover North Lake District,Brownsover North,Rugby Town North ,Rugby,"1,111",12.7%
E01031273,Lillington East,Crown,North Leamington ,Warwick,"1,370",12.6%
E01031108,Slough West and Rural,Slough,Bedworth North ,Nuneaton & Bedworth,"1,374",12.2%
E01031100,St Nicolas Horeston Grange West,St. Nicolas,Weddington & St. Nicolas ,Nuneaton & Bedworth,"1,401",12.1%
E01031334,Sydenham South & East,Willes,South Leamington & Whitnash ,Warwick,"1,602",12.0%
E01031047,Abbey South,Abbey,Abbey & Wem Brook ,Nuneaton & Bedworth,"1,711",11.8%
E01031107,Slough Collycroft North,Slough,Bedworth North ,Nuneaton & Bedworth,"1,157",11.8%
E01031072,Camp Hill South West & Brook,Camp Hill,Camp Hill & Galley Common ,Nuneaton & Bedworth,"1,047",11.7%
E01031096,Poplar North West,Poplar,Bedworth South ,Nuneaton & Bedworth,"1,278",11.7%
E01031050,Arbury Rural,Arbury,Arbury & Stockingford ,Nuneaton & Bedworth,"1,529",11.7%
E01031052,Attleborough North East,Attleborough,Abbey & Wem Brook ,Nuneaton & Bedworth,"1,458",11.4%
E01031265,Brunswick North West & Foundry,Brunswick,South Leamington & Whitnash ,Warwick,"1,562",11.3%
E01031335,Old Town North,Willes,South Leamington & Whitnash ,Warwick,"1,493",11.3%
E01031085,Galley Common East,Galley Common,Camp Hill & Galley Common ,Nuneaton & Bedworth,"1,453",11.1%
E01031337,Old Town East & Sydenham Ind. Est.,Willes,South Leamington & Whitnash ,Warwick,"1,439",11.0%
E01031046,Abbey Priory,Abbey,Abbey & Wem Brook ,Nuneaton & Bedworth,"1,491",10.8%
E01031262,Brunswick South & Cemetary,Brunswick,South Leamington & Whitnash ,Warwick,"1,516",10.7%
E01031259,Bishops Tachbrook North & Warwick Gates,Bishops Tachbrook,Warwick Rural ,Warwick,"1,436",10.6%
E01031268,Hatton & Hampton Magna,Budbrooke,Warwick Rural ,Warwick,"2,804",10.6%
E01031318,Warwick Gates,Warwick South,Warwick ,Warwick,"2,363",10.5%
E01031084,Chapel End,Galley Common,Camp Hill & Galley Common ,Nuneaton & Bedworth,"1,978",10.4%
E01031131,Benn West,Benn,Rugby Town North ,Rugby,"1,474",10.0%
E01031099,Poplar South,Poplar,Bedworth South ,Nuneaton & Bedworth,"2,219",10.0%
E01031061,Bar Pool South,Bar Pool,Arbury & Stockingford ,Nuneaton & Bedworth,"1,648",10.0%
E01031263,Brunswick North East,Brunswick,South Leamington & Whitnash ,Warwick,"1,750",9.8%
E01031321,Packmores West & The Cape,Warwick West,Warwick ,Warwick,"1,355",9.7%
E01031081,Galley Common South East,Galley Common,Camp Hill & Galley Common ,Nuneaton & Bedworth,"1,728",9.4%
E01031315,"Warwick Gates North, Tachbrook Park & Myton South",Warwick South,Warwick ,Warwick,"2,009",9.0%
E01031326,Kings Meadow & Longbridge,Warwick West,Warwick ,Warwick,"2,521",8.6%
E01031336,Old Town North West,Willes,South Leamington & Whitnash ,Warwick,"1,762",8.2%
E01031266,Old Town West & Railway Bridge,Brunswick,South Leamington & Whitnash ,Warwick,"1,914",7.9%
E01031139,Brownsover North Campion,Brownsover North,Rugby Town North ,Rugby,"1,791",7.9%
E01031130,Benn Station,Benn,Rugby Town North ,Rugby,"1,724",7.5%
E01031138,Brownsover North - East,Brownsover North,Rugby Town North ,Rugby,"1,201",7.0%
E01031126,Cawston,Admirals,Rugby Town West ,Rugby,"4,170",6.7%
E01031082,Galley Common South,Galley Common,Camp Hill & Galley Common ,Nuneaton & Bedworth,"1,482",5.9%
E01031055,Attleborough South West,Attleborough,Whitestone & Bulkington ,Nuneaton & Bedworth,"1,948",5.6%
E01031142,Brownsover South Lake District North,Brownsover South,Rugby Town North ,Rugby,"1,473",5.4%
